Sensor_1,Sensor_2,Sensor_3,Sensor_4,Sensor_5,RUL
64.96714153011233,113.89266321297463,96.79226523903202,215.56722152333276,26.62410862512809,387.4899415930558
58.61735698828815,128.64124960705195,91.09560419495322,188.97628567342935,29.27740664642241,392.9530811641664
66.47688538100692,79.02148639271289,80.71556443904208,183.63602233155385,26.037900395000193,394.82015228088557
75.23029856408026,108.44453855035856,72.23675866753311,199.93251085178096,28.4601923518048,377.9044420483682
57.658466252766644,90.24036146317259,88.37867976336308,196.59630754950143,20.531926665231072,387.6990157953718
57.6586304305082,92.69311924352957,84.72182462506099,190.9354390134545,31.066468536864694,386.6441474707939
75.79212815507391,91.11409113641696,90.74231864033278,213.9277489491343,30.006027376811122,412.7170032609208
67.67434729152909,87.04013845480276,87.62206162018363,219.1061041714102,25.914556844659046,402.69673514612117
55.30525614065048,100.7278244191724,92.59463258383202,201.76813772583694,33.296228342162024,376.60404931562795
65.42560043585965,87.53574825383444,73.57717746127318,229.55060162110524,34.68785068813279,376.2562598088659
55.365823071875376,104.05685238669759,95.80872878761191,177.1662177173299,21.962200678155128,400.25544556472045
55.34270246429743,99.24642835826295,82.3711952563088,196.12681081440564,26.18637610716893,401.4658976585822
62.41962271566034,96.41577929700385,104.90313047150319,185.6635535879439,26.15428825106351,395.3455964527219
40.86719755342202,86.38654506937603,71.72974618292518,162.66926765853879,25.300484494455677,410.36780996671797
42.75082167486967,91.34843004147501,100.83156563798299,198.34638628314602,34.14737420965874,396.3056161103189
54.37712470759027,111.33086838738635,82.37492940155177,197.56504983233432,29.030869306135983,394.8471337855844
49.87168879665576,107.5137578143657,72.18298395662661,230.26899486484263,28.677425793446947,394.7344917251074
63.142473325952736,85.33667132802174,74.19336999134813,212.61623369109554,19.980688177966233,376.54218557257605
50.91975924478789,101.48998458143839,76.15583230166816,179.5162635134159,33.17709015104613,395.3414998253289
45.87696298664709,111.27080685057683,85.08999135682299,237.08185132668376,23.80370802573264,384.91854549457423
74.65648768921554,74.95892078317942,86.274025856426,224.42067391050705,30.299663151331643,390.119456286655
57.74223699513465,108.15040288569902,73.11559995273706,211.6419540693723,31.386884689790957,420.19428138935604
60.67528204687924,90.0606436158123,79.7077448928682,195.47031802300336,36.80329297919326,396.1090845740084
45.75251813786544,108.5589800288974,105.70724430334236,180.8112152655304,23.45589800440444,392.8158204716908
54.556172754748175,88.55111265186224,100.73051804120854,192.55586447857894,14.902439220895873,410.0119291023817
61.10922589709866,72.92676849003222,85.23588403608838,221.7749723940837,30.919247723768475,400.80186224039977
48.490064225776976,75.58686343175256,80.4560417380184,237.69172611869217,39.00255590755427,401.8184504396095
63.75698018345672,100.72127419992073,81.44037592061913,230.86487056544377,36.19473176469719,390.121178633905
53.99361310081195,103.89583752582223,87.362215672765,190.22301156427451,31.048297076373128,413.48581471861314
57.083062502067236,86.43525062343387,67.72648921761913,177.60765133421978,27.541819071839765,391.89621860299536
53.98293387770603,109.57888688166061,76.91148155091986,202.81772493822407,34.03561298318655,395.59287376748233
78.52278184508938,75.0771990659656,59.97699111346893,164.63121268874298,25.132269001477656,390.44021096569105
59.86502775262066,99.00880302029024,84.79067747126335,206.46335428369562,32.3817888467811,395.3627852196904
49.422890710440996,81.83475700356315,87.76635127643289,197.04794827402662,32.52735079583314,391.2822570278271
68.22544912103189,90.22245838296762,74.20176245240751,190.67926996263515,35.3010495374944,386.6181704868001
47.791563500289776,100.71098006974621,98.88784115948039,168.1059386546641,43.79830019455539,388.8325429113676
62.08863595004755,87.09379952074072,65.2908120439719,210.27200213139434,31.962079835893835,405.7155148059097
40.403298761202244,94.23166683655262,62.42750143748216,189.3459832067618,27.455181871462507,418.3112236510996
46.71813951101569,115.0943921382166,82.69342182271967,176.60166328579425,29.87212843904003,383.50773676982396
61.96861235869123,91.34662195715276,92.56517963134586,142.554755734367,21.15462047555441,400.9306886535794
67.3846657999541,112.53538168097712,100.20713229749443,199.44970189898729,26.52643434455471,374.8542836610186
61.7136828118997,83.05439718013574,74.49338884557272,235.4450319333949,27.95358780943448,382.01717424702827
58.843517176117594,107.94706266872925,92.94417000117555,233.2251842909574,27.379558010327038,383.1607764736171
56.98896304410711,121.6235293098685,79.53789836599151,190.85807486827457,30.76177436016861,384.6355348963345
45.214780096325725,62.92533249809066,77.92847240071016,187.95575879276439,25.887900338088997,438.04574457121106
52.801557916052914,88.04657116794284,90.60391924984006,209.37548512150047,35.60515333662236,398.2144542484306
55.393612290402125,108.6560819077081,87.82787454096103,180.03229121623417,30.001035324590987,378.3609761152922
70.57122226218915,96.9543192093551,61.08329411618901,206.03583799638932,29.953498394306926,385.17871108378995
63.43618289568462,105.56718810056964,97.71848419671075,215.3216055676938,28.36052641743541,394.4055171131951
42.36959844637266,90.94022219926269,96.56109624976942,224.53866447768615,30.775953419294897,418.3410947802936
63.24083969394795,101.2988468120935,72.49324758188564,197.99691847040094,34.125491323338174,374.1815550942659
56.149177195836835,97.66484146911881,84.7496424012489,195.92652499646067,25.664348921445498,377.01839456148144
53.23077999694041,117.5167309248971,85.92836223539287,182.4403482648688,26.709417554623716,410.7257681823636
66.11676288840867,103.8163126495182,83.12808518988689,183.46239291920278,28.481369856116675,393.32846226230487
70.30999522495951,105.06403993112804,73.39633815385496,195.47042216196945,23.270645382633926,381.1082950893967
69.31280119116198,93.821845508163,71.94051958474338,207.34731013632356,25.903710701392512,397.0590174020564
51.607824767773614,92.6859066389126,79.69335114810265,218.27169252466499,27.618895632276704,371.21944049927293
56.907876241487855,93.51162718270568,94.07274823111237,183.9364209863931,34.371945903563635,392.5693586841287
63.31263431403564,105.91678213567445,86.52320185513318,229.85377137919045,31.312806645009626,387.0317197637611
69.75545127122359,93.68523278769605,75.55262801496673,194.5775279791486,30.967949556837723,399.3039476998144
55.2082576215471,104.34662285344619,89.26038452778013,199.5726541130313,34.25448981083986,379.44178656907206
58.14341023336183,131.13101197968157,45.817488552439094,185.05576641704354,29.313141058003016,393.0515321280549
48.93665025993972,113.06687055147539,93.78518840446525,151.51519479454117,31.952324249644448,385.66788058378665
48.037933759193294,95.10964701748239,59.1234346546628,217.680907927221,29.48389123533752,404.61564235411214
68.12525822394198,118.01820883245918,75.65070870316241,214.73687794184866,31.326811746998143,372.44389078104444
73.56240028570824,93.87886940467673,66.56396126448627,194.37344885763574,27.08620671194209,387.389510820703
59.27989878419666,69.4281319723322,64.46382229134913,201.33981434449743,17.805914208617857,399.424345492133
70.03532897892023,84.87870533623894,93.92992144854223,210.318784354082,29.32860418906848,394.48078192716076
63.61636025047634,71.93812118461216,74.38758558425731,168.74908286226915,37.1137406804997,408.59697301066666
53.54880245394876,94.72729773938038,84.15804658076858,189.4189464530741,34.631077011207964,392.8352689856931
63.61395605508414,100.27627568784328,79.4369530534498,215.88529359243654,34.82698742295585,387.08580427658933
75.38036566465969,125.14655968412924,85.72448992667746,174.91421153661503,36.18065360903109,361.17135453348646
59.64173960890049,104.90391060646245,80.92186269272307,205.8711586433326,30.443287954807186,386.76238694874235
75.64643655814007,96.71349206786704,64.60409330973717,172.8683639075319,30.986578537027977,390.05840146264063
33.80254895910255,112.44108371775233,91.95520183336568,209.32859964867052,26.91174052282825,425.48573477475134
68.21902504375224,66.83297036488173,74.07492100206424,199.28717035405032,28.41963571986475,388.609370587154
60.870470682381715,103.53421837162848,61.321017216082986,167.6973636818898,33.07885574885571,410.8807894238971
57.009926495341325,111.5629779083045,74.86261806840905,223.29478708914343,36.01942218584408,396.2849599175623
60.91760776535502,77.82120631330238,98.00911748761173,185.30816846403903,29.302768621595003,399.1474504756689
40.124310853991076,117.15631064810394,90.20266090536191,183.79495125971238,27.749053675742942,414.8575074431838
57.80328112162488,105.07744611241621,75.81617438710569,204.01138394461887,30.002639794282988,395.7307511419351
63.57112571511746,93.77068129148797,75.80890754817885,222.9727469885743,33.00603374464558,393.3133550053227
74.77894044741517,109.49172799159427,76.14037938539141,179.68356362043207,22.78072591933229,386.9230822417843
54.81729781726352,134.06039286706593,104.92097580273008,201.23359699695942,18.51909523431381,396.0937291014673
51.91506397106812,102.72799382587743,84.58322542677864,208.57633000661147,27.247315752542082,405.5155578177778
54.982429564154636,103.72330879450504,85.16049976629283,213.86211214526287,23.896437870429207,387.1581333886526
69.15402117702074,93.10958650689633,92.3634014483821,203.5288311055445,27.459299011763445,374.48835850849684
63.287511096596845,87.25233445802812,82.86546990831816,192.65944321833356,29.26109840591264,392.6072600744745
54.70239796232961,112.45503724816368,76.89149425015157,183.4481955870256,27.733757954884933,386.09528260972274
65.13267433113356,87.15874261136699,77.64380181098026,201.7228776609275,37.26233767235372,390.04481110763925
60.9707754934804,101.07349355829089,79.14078488703123,178.55721976028786,31.6337238230116,405.2295770499742
69.68644990532889,92.83513829852325,79.5533331618819,141.57299033010787,31.502371798054142,390.0643026223018
52.979469061226474,107.18469738619588,88.73155452364375,208.73119608315335,33.11103572021701,389.0627776392813
56.723378534022316,105.00493157930423,80.6233506296876,218.0786968217239,24.305834411096154,393.0621850347331
56.078918468678424,115.56309916386849,88.79168092658695,152.74135128916322,35.195558937101346,398.66522494947884
45.364850518678814,92.3497540171788,79.03140103869701,179.80538590580124,29.6211785673227,381.50846497041226
62.96120277064576,95.95187597059943,80.94362228379309,212.38308522010396,33.35240308620606,382.8988386625929
62.610552721798896,85.3185442632654,56.02159178561471,241.149909394234,24.64071383479922,400.03640245244964
60.05113456642461,93.33560109885832,90.99593209642978,200.41587415350816,22.23120616991968,406.84128564879416
57.65412866624853,105.65950739567279,84.15786171077592,185.43994117541732,34.08944829012514,385.5447131973649
45.84629257949586,111.35482924968028,91.97612131831582,196.3420711779032,31.882047630487584,374.1226274412807
55.79354677234641,86.16752013733561,45.24493546167573,227.4975283829637,25.48974222821245,410.45544821037095
56.572854834732304,113.0440888015849,105.06049645736873,187.08071641750928,25.651684593626527,381.46587728322686
51.97722730778381,120.33456788207427,78.32492446213791,184.01615986699494,35.62717392207385,377.6968789426256
58.387142883339905,106.20152354835551,93.2981938008502,190.34512955635935,24.05294053566336,385.38718966661986
64.04050856814538,128.151937188371,67.52112887449363,180.93342783482575,38.21336476627982,380.80599651796433
78.8618590121053,88.3931620134464,87.35328686075084,202.45340631989592,25.496896326760655,380.0889187096873
61.74577812831839,81.33017945032874,67.35901324191613,232.4935691693912,33.191959628041914,372.67445311321234
62.57550390722764,73.31919626643582,72.51477247165033,206.46158546232058,28.356907621255075,409.19527504626257
59.25554084233833,122.44066467233775,102.96837624640143,194.95292995747425,33.01593715541171,393.0934374827243
40.812287847009586,109.81548484531086,77.71181119083984,194.16377462168913,27.279429989429037,407.29391884018855
59.73486124550783,99.16622993634317,82.60919447815668,168.73618382606685,29.18603546963853,383.9359722260016
60.60230209941027,104.19952939479731,90.44081276826505,217.66219554294318,30.204595876978605,384.48785433364174
84.63242112485287,83.11766429052435,85.94818265567126,198.44325605974396,24.989062721092637,385.653689772576
58.076390352188774,136.6862796942524,81.80502686172292,196.3904017281875,33.70412172710063,386.46217057524535
63.015473423336125,101.93831772962841,84.3795320295947,263.86215135689724,27.433932167642073,390.3584784479587
59.65288230294757,101.64092191907339,108.84098702285931,205.97505816731373,28.857000423299908,378.43104089439606
48.31321962380468,110.88649935848038,79.30857443559698,184.96417899809632,25.028253126957438,399.02796190697717
71.4282281451502,107.2151384760507,82.41318856057961,191.47284807588915,17.188331706023448,394.1888932286478
67.51933032686775,103.35826036418698,92.60785275209135,222.9689141839351,29.044861186999157,397.3546735051662
67.91031947043047,88.14288316832032,93.2663111954958,202.26540821075528,42.063077108064576,390.94200680913536
50.906125452052606,107.07202535703993,94.24436366672457,171.23444043365265,33.92302143949012,400.77437118811065
74.02794310936099,128.2303674471255,87.66476266435022,218.38457869150406,29.903698101328025,374.0222948479238
45.98148937207719,120.18130069232467,66.2839410472342,186.63711828922013,28.68554585395866,411.6647381783467
65.8685709380027,123.89779939959095,99.60117838761315,237.4659555243509,30.11232946406023,378.2822396551345
81.90455625809979,92.33176485353222,66.24385528377574,221.60096131429296,32.73559557587605,374.23420789461983
50.09463674869312,85.15592769612128,83.6316255828684,191.05356208682497,24.095935923455777,417.9695473234305
54.33702270397228,98.11319619850528,70.9486897997677,225.62032723470224,35.57160847334436,399.39614844109104
60.99651365087641,100.83587368433042,79.23033984088408,201.35711021054806,33.57690657720622,385.4079992378637
54.96524345883801,116.41287277706422,83.94514892364177,217.05547350244439,33.59092862853967,380.8676381770806
44.493365689338674,74.61303055427771,83.85628658540328,209.69465634588948,32.192378694048635,407.71748901116587
60.68562974806027,122.9432547919092,85.06304905082342,183.07286690018253,30.09808328846995,390.046926825502
49.37696286273895,97.62988152131516,99.36453522870377,187.12900335365077,33.3643061798341,396.06394691550855
64.73592430635182,93.5967839507887,85.44241161816775,220.59921635162323,32.95907066870689,390.3340571697378
50.80575765766197,84.81843437109748,77.07012037651222,193.30449335786918,28.22979644529488,420.1147726163963
75.4993440501754,75.17714992201346,91.56904601946029,191.92703073516006,27.131991135515495,402.0533057890429
52.16746707663763,112.34755875942872,94.2736458670957,180.89754841301294,30.509281476309933,392.9701581412585
56.77938483794324,101.09976950782605,65.26870621835609,208.47198131186923,37.74510075747594,401.6945028585069
68.1351721736967,80.6505865038842,87.1688008381983,241.2504983848629,23.804464621730496,380.33140307189285
47.69135683566045,80.57381841904575,88.41407290773078,178.64934171491456,22.662373671237802,411.34874833439136
62.27459934604129,94.96322951064808,76.4292379596801,200.48438913345515,30.823804206182583,410.8029867833614
73.07142754282428,125.0353228793409,96.50848175973942,228.24441110830858,30.25443850928009,369.545317544371
43.92516765438772,96.10612972954593,78.19933295560968,198.4071721750857,30.86670832185204,392.90197083038026
61.84633858532304,77.45285570322841,81.5069174416585,209.0474359249947,31.219765989542502,389.62605163379123
62.598827942484235,96.31385403871083,77.92313810859356,178.75212943706242,28.883988726825976,383.8966633875654
67.81822871777311,95.90914645378494,80.1869485709776,208.56614194415297,37.44931719301041,377.596791837886
47.63049289121918,59.546700355876425,66.84469895725758,196.25711469990904,21.99548010761742,412.8228191572378
46.795433869157236,99.18557700223282,62.719389408868466,219.71459991359725,25.85751487609877,387.9325959493921
65.21941565616898,96.53598204686983,99.13406075869966,223.74772103129501,29.483726199254765,384.59060616277924
62.96984673233186,110.44309547220128,69.83646382018007,251.79127284037227,21.784055944229163,396.54487730427525
62.504928503458764,127.73434142418017,68.10329180652431,211.5926634642715,29.120727977839643,374.9214556206795
63.46448209496975,116.89847544321637,54.15931863675542,206.51592633164333,38.30735082864009,401.5846588639964
53.19975278421509,95.96666964167754,72.33245902772597,203.8876860315467,30.10443244147981,402.82101021537335
62.322536971610035,83.40211136887494,64.12292247911002,192.93667414378623,31.153504528593416,409.5442502381351
62.93072473298681,138.6003970487479,99.70418192163643,206.76967686923382,23.6991761741371,370.27869843945535
52.85648581973632,100.88827651021732,92.11780507211161,194.0919717972194,26.918192959802614,403.25049102966744
78.65774511144757,100.2089393786942,71.74219585786732,203.36921952539228,28.124018098380315,373.75413826324996
64.73832920911788,99.63812369334995,107.0292296641317,226.35195071215918,28.41142451621883,391.23626248527137
48.08696502797351,102.97127141151782,91.78118584389912,179.8691486944072,36.40821897501884,395.8770898322651
66.5655360863383,97.83459382114086,76.10202339789653,222.7975712225809,32.788455303625625,392.28382208704875
50.253183297726785,91.39506989679646,50.00713142151712,226.3423013467973,24.44271021531484,393.28620082074013
67.87084603742451,91.79711588139412,107.4913108710889,197.63862946017844,31.232523892160025,375.81960911700384
71.58595579007404,99.50870094676003,63.32513039883685,157.5629020198281,32.491108742483924,398.90893422472504
51.7931768164829,91.84862843299352,60.2552150365173,187.84356025811135,35.700745192606334,391.9496459094614
69.63376129244321,89.30731325984253,92.27084518411569,225.93989093122218,37.90270343284187,386.81374879373476
64.12780926936499,101.59645341537845,109.27702887607127,199.54263875402236,24.924529040860655,372.0063000091408
68.2206015999449,96.17534173868717,96.61127382212622,180.0139553541018,25.94571244394831,397.8169035276734
78.96792982653947,122.55989482874033,86.76690944062831,189.90450157543566,23.71211070542692,365.5941571625831
57.54611883997129,60.23545287410482,87.13705209998344,216.81240053009105,28.829900704465093,408.0386933397863
52.4626383564251,116.37260277883692,90.2409867053637,210.9346713640276,32.331791872231676,393.0388280982282
51.10485570374477,118.69127788746444,89.10714307744118,195.2213580166061,34.93667258294551,380.5542371472655
51.841897150345616,68.89914651387775,83.37429708763251,192.66351176370625,29.620244881787386,411.4402645948991
59.228982905858956,94.85968608879477,81.25041324742251,192.16483701912355,28.40076238372578,397.7051540488805
63.41151974816644,94.42838701006313,79.24888246520572,181.55179631002994,30.758789961243703,388.26883335242877
62.766907993300194,78.88732457923268,70.95242493359989,232.30751378938885,25.824285491849885,387.11385122641923
68.27183249036024,88.33274968613686,76.63189907759872,193.5535906157732,40.44769360847387,368.87718561176644
60.13001891877907,83.34136231801257,59.684518229655374,224.34317041650993,21.961694864409708,405.2731836848577
74.53534077157317,126.28405665135435,78.81992447846301,230.42632103844903,30.923702894478623,358.02298674785766
57.35343166762044,114.03517589721191,68.136906714189,219.9662179629592,40.1180310961482,386.3949578138463
87.20169166589619,119.07332642491238,66.75692819341074,191.36759374563903,30.033999222799988,373.5409293763897
66.25667347765007,110.82508096064853,82.15872981384175,208.07460180673218,29.049804824992528,391.5564386539238
51.42842443583717,83.06422343174157,96.70402743613519,199.51608787218169,28.212772885947864,395.76854232883596
49.29107501938888,92.1321960058034,91.01979927202775,181.92596278539745,29.09804159118796,396.3845530556732
64.82472415243186,107.34061841841877,61.15399275652187,206.48718563443205,36.86424237338265,395.07894537704084
57.76537214674149,81.66808286662082,68.12446236115595,176.41920417680396,18.940690443352466,411.1243802902316
67.14000494092092,110.69497645258582,91.2892542558586,223.75358776923127,37.66716850648163,380.6829871349041
64.73237624573545,96.39511902762797,68.21015127754029,190.70765405403213,22.880214237749275,401.5430707109182
59.271710873431275,94.37768788675604,77.30440220003571,204.0231931174568,28.666738353827927,379.36522187190246
51.532062819315954,110.66439952305237,86.60062518829463,205.66575743092284,27.853777898506692,399.57432359314225
44.851527753141355,106.6639496722906,68.37986654163637,194.82190052591847,32.942766348853596,405.36446926141764
55.53485047932979,94.5855075127138,81.26450607375152,211.7338760295055,22.009378240581263,387.4600511068226
68.56398794323472,117.38994705046372,63.991694060981544,190.5019268675495,32.31086333040972,383.2873403453864
62.14093744130204,83.78405008600154,72.78358827258543,217.42594594914488,40.12154811643426,391.05331188126695
47.542612212880115,109.23903410416395,83.83738320971044,173.08040639506504,23.184129977035948,398.76284654603046
61.73180925851182,108.89651886952575,60.884075197619964,202.52759159092824,30.94853083805198,394.9947528417341
63.85317379728837,95.35680341029014,85.28569685552479,238.7785799811657,26.690089111016956,402.1690068829523
51.16142563798867,104.89199533363177,79.76434641287983,179.99337350788852,32.12943603096518,406.96537481189347
61.53725105945528,81.23329635422046,86.62987945300577,186.44510058950297,30.09573888707876,383.7304121253092
60.58208718446,113.86040528810352,82.68696960877594,210.2781569931783,26.79256545477845,393.48929892141507
48.57029702169377,97.22646795335517,96.36968515968613,203.59163563879196,32.43936142435537,407.22739913294214
63.577873603482836,92.1591546922144,81.5026940317749,207.01260198547118,39.021740548933714,391.82090677301073
65.60784526368235,115.73513838755333,74.84713350649696,209.78374260295328,29.045481041363505,395.81934672561243
70.83051243175277,89.4348446418586,81.4675700363874,212.6944293712354,33.59878971074091,406.87452201987634
70.53802052034902,78.8730805545466,86.51957634843666,222.19399683912445,23.53363521064418,402.36939199667387
46.22330632042909,76.65056239714144,80.58632084390845,208.19637313857027,25.217818115909957,409.36223534805765
50.62174960084877,109.0901492701846,80.48710029444659,195.17484690762916,32.362031389401885,403.8532478539548
65.1503526720866,80.79355971255575,71.57609974631893,213.45147402405462,37.420580142679825,394.0070346724177
65.1378595091221,126.32191272976547,72.04518898938862,237.9976386979043,31.7780667439283,378.85349849411944
65.15047686306048,68.77105888174417,63.16873673840368,197.34732507234853,28.434709847384227,399.53693775293993
98.52731490654722,125.44684552435058,100.99492091824328,180.50941390658716,29.99645702711677,378.4879140925883
65.70890510693167,103.16526200803928,65.07364117530457,222.14161338573945,23.747961330151412,383.2836080790069
71.35565640180599,98.54930332194411,71.68513762644912,197.59237672092803,33.022576631776836,402.7757621992016
69.54001763493203,91.82621369786575,71.37911281316963,156.54660907971927,34.41166531161704,398.9856187153253
66.51391251305797,105.98704171528107,90.7390925233333,216.94843354300843,27.7395483358346,370.0153882875659
56.84730755359654,99.43547946362727,76.46060386049567,189.29343628092155,27.649789261202493,400.1408152093555
67.58969220493267,116.54952823024783,94.97290487208481,198.1893343539168,31.329391148260243,358.8947594828303
52.27174785462428,101.71341472993059,71.91811250907358,206.6396066113803,27.816401319797023,403.43103813114743
57.63181393259991,102.25452642192816,83.34792994668562,203.80999359558132,29.669336926870887,400.44172981736784
55.14636452170897,94.54581681679217,69.97583536088291,214.18903634278078,40.49860894583258,386.5259988527996
60.81874139386323,99.14581564418398,105.74178953328067,191.29027258860313,28.76487149627002,389.2990278053445
83.14658566673509,104.6170265333809,65.74881897164585,210.26211596352167,28.20829923989389,401.12387845748225
41.32734807408252,74.34747411015061,83.71784852272432,194.80906644832166,26.762290971824203,405.0452239491876
66.86260190374513,79.7772186684143,87.60532257118518,214.77620961775006,33.720959857499686,379.5593881580253
43.87284128810349,111.14896141034072,84.96558916941798,212.30734968026107,29.093879133909486,409.6741205019986
55.280681342105666,102.56298157191912,77.7765480934675,181.2912259591081,26.753134808392872,416.83095062471784
70.88950596967366,97.24024995470981,78.44215160319888,221.71964232350064,36.60652016136506,382.91712612969275
60.64280019095463,100.27650899598089,80.52573766374931,189.28073109771904,37.098015022568184,399.8378509082629
49.22255222070694,105.21372558042506,78.23597598045814,216.1611559656229,26.997882171306475,409.1769017096513
52.84696290740032,91.90360479535957,91.56654940153892,207.3457462680268,20.66730024319692,391.2657901779189
66.79597748934675,88.3254291189653,106.52627601909622,236.76367353590246,35.03756844918461,376.254674228875
52.69633368282864,102.93767882646523,73.310098579906,195.53068035256297,26.57685087119998,410.23344654247603
62.16458589581975,85.32440833577452,63.562364245051064,193.01366407763604,33.953127995813844,414.57543688334346
60.45571839903814,106.12379133571707,78.94061541978495,199.61160788224535,20.149480911440822,399.75473576475156
53.483996523941826,74.46124593643239,110.95651205185183,193.93640434331448,34.462986691496546,386.75134690077834
81.43944089325325,115.43733455988465,70.35590518436322,215.998838038841,23.944140353596094,399.2709693202072
66.33919022318011,107.08896223619564,99.6694016653288,167.67378783126824,33.653820595332625,379.23121988510593
39.74857413342393,103.84044601470814,100.13240976891728,178.92635161707292,30.071365339182172,395.67453806599747
61.86454314769428,114.74036475918271,73.35694109950407,178.64394156841615,25.230302903016778,395.44109380534513
53.38213535231612,124.98211666693865,86.8277969502233,219.0061518394715,27.964818435366098,400.9037995827698
68.52433334796224,115.21555097527195,99.54075947754245,234.2122674516385,33.431592284783505,383.0109122443738
52.07479261567299,72.38688653002532,75.45046710815015,197.91101562925056,30.52947226557617,409.30220884598947
58.85263558533101,80.80634549896448,77.55703567877165,196.62356553619978,32.92206490236242,402.622074208507
65.04987278980457,90.62772133456482,73.01982903261627,201.40104326226364,39.88220292257743,390.02494258938236
68.65755194170121,100.3913657531625,67.8229192316856,223.2375660521638,22.178791941444743,396.37535222025434
47.997035929442234,107.76488530703685,72.20866945920791,181.45293731618852,38.08606287484312,370.5549628928271
56.654987641590516,89.11384280269802,65.31271679885292,204.7673796546957,30.521779687616064,396.2242855474107
55.25054688839044,102.80150146715617,80.40900161911071,219.5039525956486,25.50607975838436,395.712867978085
53.46670767426288,88.66925601470017,70.7603212272963,210.02188339879692,23.348431871305053,390.66210318840245
77.65454240281096,90.82723295512078,82.80543094148898,203.79163233197488,29.054398046114834,389.2257834502326
64.04981710960955,78.90008354727667,61.329252245556475,220.02092185134282,34.6082505596223,394.14911131305655
47.391160456649544,86.15150130833644,83.97056278657348,145.93535414001525,29.362254398112327,424.881176631768
69.17861947054776,79.724730915755,90.0023475393071,213.55750639061816,37.55577465123674,402.84493823473025
81.22156197012633,85.36190120534,56.075172289142536,186.91848633745153,22.744121549742204,390.1180612506827
70.32465260551147,115.80462694911759,84.48867883817087,163.38734206287086,29.939555260769726,383.3756164186129
44.80630034045987,85.75901666752085,94.7320279096795,210.22405199049962,23.738032777934404,401.66564528127026
55.15765927133749,139.48573097256087,65.48430777570553,227.47317090325916,31.81815941312484,377.4874139002498
72.66911149186623,107.39976851321333,100.07086864205243,197.25102970744615,34.4344369504865,379.8827120610345
52.92330534381219,102.77254185542311,85.02822811239254,219.05749094405877,27.896191031594732,385.0538929530688
64.43819428146229,87.1246332972818,71.53985773089909,232.24556515977292,16.97893071686433,386.01325917180617
67.74634053429337,110.50464819113488,79.33077106810752,226.29828907168095,30.99474073398247,388.308668100133
50.730695284219166,91.36543260643339,86.69992295026067,232.79929058742786,32.18369275866755,400.0269276659166
59.404746439382,101.83014721968043,80.91206469694893,214.84254982143784,32.02147377480849,381.2301675863479
27.58732659930927,138.40126807403192,86.46507190935642,201.50867277803187,36.17891095911077,401.72406454244305
49.756123586657104,98.55910150413025,68.9519168830476,167.96068376205665,24.644731601754756,398.79408607026204
57.4743184860684,117.23909989428513,82.03232988843294,195.07875023740104,33.40108052725225,389.3479899567325
47.52216818035151,89.45235362311169,63.03542603714024,183.13506809367615,35.962537562389876,412.3010429072637
76.32411303931636,99.47517264254557,78.6652872638156,243.4188543499563,21.107062079967417,383.14149832079534
45.69858622039367,126.56200953453265,69.15310830242252,196.48228375135326,31.598259129594886,397.611359463397
55.599555133030165,90.5954941331835,71.1736406889228,202.46409613568972,27.479100844961643,394.3844996653159
61.30740577286091,127.18672836995393,94.83311810252525,211.02970752080935,29.59238663449177,377.3190637419197
74.41273289066116,110.61627903183214,93.09572144713123,200.87204892744907,31.738382417691682,376.1484533870686
45.6413784882056,91.56299836158598,87.30965745088612,233.90102080861504,27.56385717943224,390.3670513392074
71.63163752154959,109.48611608583282,66.89224682392906,187.54701276531097,26.62145960419194,386.7888702993239
60.10233061019587,114.58831674440094,76.20309860366238,203.89214910474485,30.170762087440124,372.38801721676134
50.18491348952049,109.32714943325794,94.5571723997502,185.15058828603904,24.563770305685985,389.9458595230129
64.6210347426327,76.44662920164316,81.70060296367886,173.5995497755859,24.570874355574073,398.37831362197005
61.9905969557347,89.09294236262697,107.83195447978034,187.7646181818943,33.396866414782515,386.0134220083322
53.99783122841205,96.28722046672743,84.71981407273246,199.25926405903175,24.25602982420672,395.12764263693566
60.69802084990019,98.8834985634993,82.30458939788038,191.4139555096548,33.331562504546056,390.4333595750388
56.1468640313824,109.31008146326018,76.29060242956999,186.15158040252288,32.31295646426975,397.12949761431724
61.13517345251248,102.66551501399881,81.6024908573874,171.8736507265633,21.370966356047017,405.3216797243167
66.62130674521046,79.96983461934849,78.17036196343348,198.3378885474261,26.612176738321725,390.0880120303496
75.86016816145352,105.70296776508945,88.49730412026308,169.90559251937995,35.97054701523686,369.2487781537696
47.62184501173151,109.15878617925735,91.480427801535,215.20111927379205,25.09417234430159,383.1671310925192
81.33033374656267,108.3968567189656,70.56812647390461,201.64879505869007,27.677978688453063,376.59405062304853
40.47912200477498,116.21171088331933,64.02520455730667,170.84897001070138,32.31030446625948,398.5636528554163
58.482149049644164,112.50883231823356,57.96553552276044,193.81581845900274,33.91695254641298,384.7648451487158
65.88317206484577,106.88770118842655,86.09589592295052,184.95687188818835,28.74230556977752,374.81914836723035
62.809918677350325,98.94751432812029,66.75960072591351,206.38349020838362,27.01244902654179,389.5543293115091
53.77300480179406,75.08558599726013,54.165312884570206,226.8090089204629,37.11184930849254,404.04338480870734
57.918777496427246,106.44427328698879,84.66294325437157,162.4965506070851,38.6944983189879,396.3975808848674
55.06999065341167,103.11531530744666,109.91599420919349,202.30052158294833,34.89429025390898,379.7852124482798
54.106352430557884,104.0736825579306,79.92714906152128,196.7973440886672,30.42659071282512,389.7589402896065
68.49602097021025,80.84877136269536,90.06188929341971,213.4268015290093,25.95867139179537,382.49184844931017
63.57015485965047,83.78415189387607,80.98195230257078,204.2639325647538,25.847777967217173,395.8033903943877
53.070904047393455,115.79729279999356,78.81332416170629,184.96061336522362,32.61257052632879,382.93731941500187
68.9959987543325,99.40667269215018,91.02891779585322,193.61892128666764,32.091991104443416,391.0068048179859
63.072995208766095,110.22251046058936,76.51670546973618,184.07948286393022,37.007992964732146,369.0235977718659
68.1286211883896,100.42477564195691,83.20870776886284,221.52014277197196,33.25225046268069,380.11730397265137
66.29628841923612,100.44634209243618,83.86037367435216,200.42623297343886,22.48459849120091,393.9204891258738
51.710049890779274,114.07425708963997,71.98291455628342,238.02381371506016,35.25973808861459,389.45818357273487
54.39818959803031,92.25932907673939,91.90450819443828,198.78678372370757,25.009696863427934,423.7899843611384
67.47293605123262,101.44181165411474,77.90048291965509,185.83186466179075,28.08014364023824,393.93364821762293
66.10370265433465,93.06587066942436,70.93105808608587,169.72571214774345,31.251001031258472,385.3286582590904
59.79098406035852,93.48255658851527,86.43811812284484,163.9372064748811,39.978337448919824,391.4324192707504
61.17327383308782,95.3624181479704,69.21838421850755,168.3172811398902,45.549592780026806,374.1469322346992
72.77664895788425,103.3320065745057,80.33817388842954,205.34253302022967,33.03361529568092,381.9907418577573
54.0842861116417,92.81877067504784,79.89057204026956,210.17450046459868,29.084016906398062,388.15249395458414
65.47097381170038,118.83634188360281,93.03074678997893,168.37618595935734,32.67252824240275,392.254734033778
57.97807347566106,86.58089046670744,85.69637879455944,217.9007662815223,34.43827712936918,386.8366301373901
57.8231879677278,97.19692533757961,79.69967649505827,190.3387789663312,28.396661872214043,394.4291913123793
70.9877685198719,93.40403412588738,89.81319559040344,202.935860239711,38.97605677956161,376.2826792343773
68.2541634898803,121.704668265306,96.68249058820776,232.2444125651085,31.15035379595701,391.72895040146625
68.13509636000639,102.94832164767362,86.69372367622235,217.93678631731063,32.48871544545697,379.70761811935733
73.05478807154329,115.47766809202952,80.12423143812056,194.62938704188335,33.329621260272305,398.33524247549025
60.21003841632759,77.71659440444542,64.25796521179808,182.17615549169426,32.10793305307228,410.80913827892726
66.81952971294965,104.00575398803889,67.21863604309553,156.96369197341392,34.194702502348065,397.3911988135677
56.89733243406544,113.34446193435156,76.33730354774399,185.6169336151516,26.913734067265384,396.6406789778669
63.24166352488442,101.23425983913137,72.6858535740886,195.77739522344612,27.208491230269846,396.9485565387107
58.698569456323156,115.98220562598027,77.75634436417465,180.25640945697631,24.499228835141526,373.2027264379991
60.96995964992718,92.24067324849442,80.67979909876529,197.3748606581539,32.19750615310113,390.3015359121716
65.95157025436913,121.1402116027837,86.35631305228077,201.53703765917535,33.89468251756057,388.1508917204256
51.81779316766527,134.48347185428875,79.15401466329091,195.50288036383841,32.28886433075943,384.9604533237939
80.9238727568546,94.55742159340511,85.83801972591442,186.9999483835308,38.37246216673769,365.9023550252844
49.93982618500298,93.31746217898842,80.77369297772144,203.37309343933455,29.97201990585477,398.0299478462077
47.85811387212268,121.80076715676552,56.294401203753544,208.83881299138818,33.34370827796256,411.0915232283894
71.58110873500068,123.69358218596068,68.72797527417495,178.19201845114307,24.54149561930343,398.18889298438796
67.91662693962935,92.15709959270097,78.27094933134062,228.21864759492541,28.064501487627997,388.07266133790284
66.24119817052156,93.69719774356214,65.48366308590671,198.02823735431477,33.47768878782889,401.9941024945071
66.2834550926428,95.7732308670924,87.19914475995445,200.37699245889695,34.24551055371572,383.28550057050353
59.87753227153085,79.83324233448585,98.36900998812436,214.16428846513114,28.530165261679088,376.57024834681204
51.02745628514168,86.22022080273703,94.62514222036779,204.66432262527005,29.642003740709665,388.12728353242807
60.75804558193726,84.93788849871898,77.4386855488375,219.0627326782649,22.410631266595953,413.41023546026526
53.22838288487888,88.48303652343807,97.88871364219942,205.74248330403648,28.214853995966955,392.66303412500577
69.7511973341775,99.47972668919829,81.78400948642533,187.75125250719125,34.45191581759893,383.93395005735783
58.52942618497861,103.5132209880478,75.95496834658353,207.23007050412204,32.876025080532834,387.6185278964055
51.745028032074885,123.25750739221115,72.63916803750872,177.12547585358675,32.503328606906045,410.94988702640643
56.78614158347007,85.02468938891813,76.37036376214246,202.17119411553045,30.2488684359048,414.76837200686674
64.12931454275625,114.76483597714875,75.34187817750525,199.3354001871108,30.03531579314088,408.6776522984901
54.36275447196025,96.79016733661737,82.04499466850585,195.8376628545492,26.698394302632764,395.5189975188249
51.77779604433569,99.2580443552135,81.92688777259838,197.42924977122138,33.49414210101267,397.7639741866922
62.436872114919126,110.12229238249905,80.03655224184098,162.3630190900472,32.104864721946946,375.4928924874312
62.44966571108723,83.15916967656553,85.24325803695619,189.02550184518077,32.46009423996399,409.66152101477456
54.9305682462887,105.73614619276076,94.28775529743609,201.8568980228223,27.369825786662098,379.1449053299138
55.289616943816775,102.49678312319584,91.39464962529588,203.197127839948,19.23328540064378,397.4819553594476
62.32049937357636,107.38676896012224,62.18122437860116,179.44649718148082,35.485763558768475,381.0754943314711
45.51915658502676,104.33752965861727,49.352946381176544,225.31415681729402,27.605812719957978,396.6061644965666
45.92536225623445,136.8295020986634,91.21183893487128,182.67650303570997,25.686121179784397,380.8313773693277
52.81555778747564,90.43390023623026,63.59745561901495,219.38914401053472,33.46739455956997,392.33793507995046
57.86552848288153,92.03504567497274,77.3028151772878,208.5438872374337,28.03993680040435,390.534568545215
63.10907565598005,90.65289210362853,65.95864368728769,187.07545380312393,35.29968192023311,389.7477597058075
74.75356216949552,91.66784321259618,58.37623474903977,235.50621785219025,33.08502974788349,394.99632443509597
68.5765962320202,90.43919309040223,86.49755273845746,176.1272633648704,33.417846616002386,379.2519404956646
58.40061470036573,117.83524796661328,89.10986192363177,218.38308347220004,23.170221443997328,388.72616322042654
59.80983792097311,121.30756371984782,73.08187519127937,220.01164636085957,36.059719926932004,394.8409758015001
49.97470635362191,91.43880559375785,48.90749249426108,186.5875958184671,31.30625265616928,401.4862823567611
59.8148686400761,87.51466640343656,73.44506662097021,227.84930600128658,28.153614303768983,387.9235872056246
57.11341361079862,107.07123334579606,84.70164806483056,194.99906970802095,30.716942336711256,388.28966342060664
63.227185603380896,91.71665433578544,62.25306117471045,205.77387258559713,21.1188238355084,411.19313395347586
51.727690564476774,109.49397726633266,82.20031903734987,205.2064367754244,32.043264057403356,393.4510247394216
65.19346514241172,103.04384531276949,79.81628180992405,197.31382517058904,24.853142459089643,385.5420750262078
75.32738913002578,77.26383827504152,86.95149799521306,216.21616546319564,23.23664857078233,395.68934489068
58.91239851543143,123.21257801995093,81.43496442096983,215.86977441104426,22.388204068910547,375.72785388507225
64.01711722098942,126.93816509643283,68.32317270942133,165.02936053523638,35.563441874949625,392.33063961961716
66.90143991711112,90.80816964273421,94.3588580199739,226.08680485756304,26.853683031536058,391.1709769232763
55.987795281141636,94.18447660096024,78.09764512367636,166.75016023928652,37.6686385495825,393.31067419925535
62.24092481810417,104.28798086087357,79.67234552588081,220.65092408683316,27.32099268473851,380.2793267604587
60.12592400781795,105.01685184980538,68.80078449112165,222.53410273655166,21.463210212035264,384.9663219616212
60.97676098548832,109.87816409009245,74.68061298570187,178.18067139569604,24.417377800256705,399.3752027868745
52.26990216144534,130.15306808149523,69.38236743167718,191.7837142409083,36.179058100034695,399.58246536927925
60.245101742589426,97.34579158758926,77.92464728091892,177.88590663028128,29.220509110316662,389.238910418802
64.9799829124545,88.0255413319232,100.54050176170813,195.7015793942253,27.258563517546996,395.1045294809277
74.51143607795042,79.31021157978209,63.537186284823726,193.83931431628517,30.80009112926394,373.6695431607707
69.59270826085206,89.0360494008712,60.6372632254791,215.5932106453868,32.50891368083772,385.95631456077103
81.53182457511556,99.50309540689304,97.6540439299233,226.20617492239217,35.5869940795123,372.68634585163653
52.326524371119504,126.91836795276681,77.48811587417761,227.91367621579911,37.24249614946463,373.4784040025906
68.72320636720679,92.23583051445743,71.97112713608101,188.75663946843395,28.20115677105457,384.052231831682
61.83342005738352,103.35681927458347,92.47885624875292,195.81556252510944,23.36976156958981,383.9732164941469
81.89802933217672,99.75365655890872,72.73261352315762,166.331236155581,27.93267419438362,389.6940996515597
51.91701714644849,117.82589910172126,101.91211656256323,183.88259867007622,31.30140253291443,385.52918731950956
51.602781578192236,137.90398638810433,88.13511045607123,219.29703266194915,25.181205368946944,360.8158934562349
54.00607354555978,92.03696840619519,74.14506310225157,232.31165647096464,25.214245425524787,376.0329947412542
38.76104275690193,92.65840836222667,105.88769855918605,175.31302256240156,31.718939407749428,395.3568866031321
54.74244978319239,115.66241315603608,72.73142092395994,188.15071481694213,29.756738242147744,397.2428660587832
52.40867338446302,110.22837234439467,88.90514446411169,199.47188486082146,30.163984977057932,363.4582918074701
61.50393786476208,127.7006098860405,83.5915109648779,205.60322317639213,26.207523326499654,378.17891249907586
63.41755975777159,108.75892277988946,95.62089547278558,183.80792960156708,28.847996428971165,381.3568940956708
78.76170839215887,94.61061863819411,98.73813436072223,208.4812208892818,25.378834278658477,395.3720553220108
69.5042383818605,108.85982246038463,80.3840497887892,190.5232130585817,34.450992055623935,379.83018786796003
54.23096344337597,116.63055370874362,70.9589855558458,199.71095458243443,35.17624667361876,393.4918507742382
51.01585328651642,112.30723271796046,85.5196657152694,210.925684960074,20.76906068880953,395.7083490276432
64.91919171506505,107.60911046660947,71.86741556297473,200.12844539621875,25.35244569903795,369.4247002725806
46.797667929793576,116.00012034383731,104.16064697031948,191.27228218946863,22.517353724549604,400.51690299543884
78.31458765854353,117.5394338566851,81.63842397299285,197.80780392148338,26.74988032796551,380.92642375035246
71.79440120721287,120.7323848655629,75.61614138425469,198.2327408158933,29.582810151048196,386.1861439146111
55.30824347895295,109.73064831384464,82.2161636703789,192.59977940235746,22.75177390150735,433.885140595819
42.868654709091224,97.49322879524719,63.834484525643646,194.82407874665796,25.390700934373434,386.0709894583505
73.53872374165412,102.20070529649985,68.34063153787218,231.97294341009433,24.980213139592507,402.9598871334132
58.85460154747382,118.09763449762535,94.4049668953331,211.2183889588248,31.03633664699472,379.8515667492249
72.37816311973462,87.74596493519147,72.11726865234326,194.0903936394168,30.34672168518125,394.3892362351225
44.05572341205633,105.53009963309351,67.43706820781672,213.9390880902147,26.391312233313734,400.42013860712103
54.00624977046227,94.09991781508958,86.43983303032743,193.3236102048798,30.88410436069699,391.55056706542933
60.05243699718183,100.43117234402226,94.22844985595596,223.46249275173284,27.266599577063673,382.0475214386248
60.46980593764742,119.17677793910948,88.6274397279808,207.39284384396188,28.641724448369732,387.38568889583337
55.49934528520756,102.86648602029855,91.9525722296698,197.85395711991544,38.36726045149268,372.6958302460673
66.22849932347499,100.69654822234223,70.91845893716646,208.95433851620555,36.70230525895174,394.42252980414287
49.32379570617405,79.60215788530121,62.93827199909788,168.58247695863002,23.502093815362013,408.4487711106427
58.576205149787064,111.19380349040831,98.01600382346584,177.46465062180388,34.14866208939587,375.0439323249485
61.20295631711899,109.68226271711613,76.12784193389437,176.1214998720189,34.05698277245796,385.53320296338364
65.14438834058748,132.44882084958192,76.99000380253943,202.85886189527415,24.25868355623691,394.87729137092737
67.11614878088889,95.38332647570499,95.9383297021887,234.65029998970184,34.0938882187743,376.1833255697642
48.75357908162131,103.28725491495908,86.67476011280792,244.62600292385264,37.68965959206277,391.34815401502584
44.65885829264378,103.74075525566133,85.47065326497929,212.76102202881515,24.38727596877793,391.1136382764364
72.7767682189851,123.66179919645211,105.98002813881301,210.01688949888913,25.412485894928682,381.729605695185
63.323140119795916,98.57056701419572,72.27778123543828,163.9788453169452,35.08830733421751,400.73357351127623
52.51513463443446,104.18532288655508,91.13408153697485,189.14652400531958,31.35747655412824,411.2884648202021
75.51151975522524,109.11844764574809,80.68415749876502,184.24432496183522,32.757381376197614,380.0888498272553
61.156746342928585,102.79913684734537,83.22310734635909,187.58304803497768,31.702946082002484,397.18432911634056
71.79297184063826,93.30349578174207,98.34162111695038,196.6371236283042,31.95347960464072,384.97971231247084
60.67518481410109,102.91134989347461,86.09402907547549,190.55818844605744,23.367639358444585,406.1260400404585
80.60747924881987,116.10447624789659,86.4595529485956,160.41400379248424,35.23658853310724,370.2486472429233
77.55340842443204,84.6022705088341,92.87008804771763,214.95820512235068,35.84794996213887,388.8836496572724
57.51035851520926,101.99454511220314,75.62056724548538,178.54513948520386,28.85304627965986,394.1796383380862
69.71570950954356,89.4981877759124,69.92948399193193,204.78493728222298,29.78261525093069,391.27337051438855
66.45375949585147,117.92569943387264,67.4622896717476,241.48165339499946,22.34446248722139,385.7345269976582
73.68631557532349,77.15219642824337,56.40372092748798,181.61230816827154,32.57127378008917,400.0631027337716
50.35076539419896,91.61617229092617,104.67448555928387,149.39424954507342,32.86028720857072,397.15903823461065
66.8605145999844,105.65817812596781,66.7614996113398,194.27991556239778,29.689044915003446,392.3635116494137
70.58424486849587,123.4828604385151,77.34495651697074,222.01919269997143,35.621766799352514,391.5245827166871
42.41260513576886,99.01374608390519,76.67824040133296,239.16694908441187,28.329613845100297,408.3598819363483
48.16741487334225,91.67200709960203,83.68888037370921,175.40900811095167,32.823029629468,409.698347620793
39.607678222398995,128.21735604160887,89.78884655047156,209.93398446473043,24.901678306539424,388.26371973689595
57.305931655554424,78.27979149375633,90.32568186031695,190.69379086439892,29.88223924562881,389.8832772850579
67.17542255795962,67.01791065069878,73.00307073717273,197.8810329139173,29.12822871048582,409.81991218516754
75.02357052096028,106.60021675079999,77.99453943456307,252.8868669403407,31.12653961020471,385.93040721454923
60.74094780419775,92.46918663471084,83.39095940585959,169.94059343209693,28.152365355833208,411.68227949828275
76.28615545571292,84.6815077430393,77.01570648579744,205.07479322989147,29.34263702164166,382.76498826073424
46.198985417851084,110.6253467094903,99.28814691223991,209.35386343530865,34.13023585720753,386.97230665576205
42.96617560644845,103.65701070656799,85.89169941965902,221.71572649878695,27.81617881380891,380.54858330021693
59.44452301103381,91.53882053894907,88.8185334325978,201.9596630694179,21.967114496306603,392.1448624802057
63.840654489393074,80.79543401993658,87.95457522400895,206.16101079008206,38.7479195210271,400.10056372289614
59.67305251905907,113.08685992420217,94.08168628982389,192.16702865156418,36.907270393452436,378.7765136904256
39.325578999601234,109.75301766937991,82.17225870444449,205.38253882490216,23.538686524471906,407.4279229182258
59.10879960487212,98.51236204330925,64.43801662452984,193.13615449005178,33.44853902622597,393.4062261401915
46.95530499495147,127.69955494071499,84.7962554210317,212.43143779712102,27.485126147243285,392.2566059797096
66.69672548830039,83.94872850510771,72.18371727449805,192.60779327912732,31.317436076655298,383.7656075926863
63.66598246096848,77.11712243612891,73.65659981900292,207.54200787804373,31.47112064506747,397.8099975253842
50.60120213672645,89.62137895178134,87.03636822506112,199.41474372630043,28.82796099841839,369.0216931200855
54.861330826633065,99.31620975466754,94.85939685720362,222.52100501544336,26.081171672068017,389.2490615368511
49.40786478111048,103.65009173984038,80.25525892083274,198.97212552823026,26.547294738418703,381.32912541798424
59.37320902726828,96.38145913215506,83.70599615118756,164.53935063586238,25.41904042259379,410.0961524493262
69.55142320501238,105.28083094771445,100.42657933562285,225.23843001427983,25.840888958847778,388.4685981887329
50.14273953664456,81.22690863714334,82.88903815386281,181.88535398274763,29.664108549753223,408.5952810112469
65.04046515517844,121.65646906109889,111.22019737016474,186.92467322702362,26.421200054446242,394.6879021571611
54.69742381627559,98.76773232411146,86.78611574757853,188.08677411913015,33.4102603285631,384.0017984935264
52.07127167737656,116.75943747382192,58.87084689013019,227.48876186341636,37.436230776679636,406.9126270232812
58.929696400454425,105.14088019566556,89.04009945325438,157.28651572042608,27.099733793149785,403.9382384037236
49.64757677580626,106.85129828730676,84.57390061859333,262.75497067319986,31.197022502676884,385.08618306160594
54.46350694652818,108.54650920348305,95.47703304899295,221.12113618132105,32.49842555151467,397.35360478898383
48.021221074111516,106.71562840025973,88.0781762152395,204.46477828258318,32.360011354596374,381.90564820560525
79.6472513291639,109.64084139801315,78.33852819219472,198.90211998767427,30.379776339580438,371.3291521276988
60.35263551971729,119.93728795198646,65.30842116452762,205.71108149715315,33.71341209179861,380.6384414028081
53.00274492007414,102.94781754552206,77.4917209125677,210.42244856758677,32.41124476340329,387.81941825103263
62.13979910734222,110.63505636382769,69.7937545494884,212.90431171900113,23.81168788836351,380.40014987243484
58.8767195030917,98.6539645856916,73.03371860234333,211.11208932006897,34.345780321946364,403.7400167624458
57.79030400466777,121.6017582317421,87.06294085304731,201.791613625105,34.43645418633371,380.6694453167917
66.14166700043425,89.85411546911095,100.03885405221688,196.05323159385347,26.183569479107092,393.4114597811468
67.57507710047305,127.01410649366224,84.73605835787578,196.97453432692976,30.18968917723801,373.6841750623647
54.69498852389472,99.39763074033485,65.6494032555778,196.1018343929464,33.416644964055344,378.5204614344347
54.2418175935532,78.53837346822928,85.33523201864169,222.6754019373413,28.953430902103193,401.1021937883651
57.24948302848356,101.92156622366184,94.35957783974781,211.87113444561723,35.36489023883006,367.47125375641855
36.980788352644154,89.78422513787679,72.68260514816741,141.1922273067144,41.8193624730968,408.5045090719166
44.84808937801448,112.60965323483086,78.39179399992499,213.11801553059522,26.070069836825088,382.6917206644408
73.66874267444524,90.21064031046413,80.17625833675037,203.8947238943755,23.094776984231125,410.3125617114662
76.44967713501283,93.3072485017783,70.58122024301312,199.62582487108205,31.51909297802438,396.21015037678677
57.50963960443622,71.65688903581703,87.77936520612631,192.22963093822227,33.60781252563072,400.5836902544518
65.76556963055766,93.21540521126386,78.54862221670662,222.48225439972026,28.845668130776154,402.2934432622649
63.112501545435364,63.64181010056565,85.03438932688434,218.95052924245715,37.266303316605175,387.07959430619064
90.78880808455239,76.24145764771416,69.3500938663748,184.54244664352782,23.306971001383758,395.5209006119293
71.19574911434577,111.40621984216446,74.75050039611908,208.1410457424907,33.46459311515805,383.8283219278288
58.72082408519233,111.78700237976248,88.66857629393326,180.5668653091743,26.970695896205534,393.16500790862546
50.44459559399574,106.38186342677447,75.52600217489879,172.40763670422137,38.59688953103648,407.801958258221
43.93553679742428,85.4953578530618,100.72356621480085,187.4656555082007,39.962576765840595,404.83223577305085
62.03463635867223,99.2843296578703,75.20436577262477,217.24786944765518,26.16671706108326,394.8522726278292
52.436492547156966,99.94596191364147,82.69621670902264,219.06250090752172,27.2522143204571,377.90271162930657
45.77746290402326,82.62452966211185,91.19108998247708,210.26170840194587,34.29793943489901,389.73988208591055
53.534271157574736,122.55097452650726,62.97961120480362,214.50191573695994,28.064346751052426,389.9686302122256
49.18451996385605,113.16043435863507,58.87029425623069,210.32356574229917,29.77294391033881,397.6777404636364
76.87141635072564,96.68553739255503,61.692124225158864,187.17036809554097,30.12694210271205,378.1503548644607
68.81639756949451,100.40328758491796,95.15100924112619,208.63845089347882,20.40163421901172,411.5328810703838
59.92027358683383,103.12574211921329,73.37770224929064,216.00819050455365,29.930811269528814,406.0173971152298
74.79944138890026,69.37397697363565,110.69839142801902,215.0858265962715,26.55136112967913,393.54046402028143
60.77368307647618,96.29233926219105,73.22902881611134,223.77826742949287,27.53438588800114,393.40843843457003
51.38715798671736,89.77023628003302,82.21461563836445,214.16607694402128,37.21816001734407,392.5064655946072
75.23124077269657,84.97569985157627,98.50531943081451,207.02896415083165,23.717465528603718,377.48153854526896
65.38910043684659,95.78349560671067,104.07311465790947,221.40300476632854,34.06602593373989,382.76387250304145
49.62753845673544,126.96529790274283,104.73804291963677,199.4695748150188,28.605185348340957,387.33752659747125
58.09661321916392,109.61264291900514,94.50039476711771,182.36250697544565,28.601199157520828,377.07348544592384
51.24381746615243,91.43231515325805,92.28875030973755,196.73866072112472,33.951859480258555,398.5778009672319
46.172002690356635,108.58874172034238,87.1103233904142,185.10194710387103,31.70025647284445,394.1724236728638
